Workbook

Sheet Snowfall
A1: Respondent | B1: Question i | C1: Question ii | D1: Question iii | E1: Question iv
B2: What is the probability that tomorrow we will get 1 inch or more of snowfall? | C2: What is the probability that tomorrow we will get 3 inches or more of snowfall? | D2: What is the probability that tomorrow we will get 5 inches or more of snowfall? | E2: What is the probability that it will snow less than 1 inch or not at all tomorrow? | F2: Consistent I and ii | G2: Consistent I and iv
A3: Dwight | B3: 0.2 | C3: 0.2 | D3: 0.1 | E3: 0 | F3: yes | G3: no
A4: Michael | B4: 0.5 | C4: 0.5 | D4: 0.5 | E4: 0.5 | F4: yes | G4: yes
A5: Pam | B5: 0 | C5: 0.8 | D5: 0.9 | E5: 1 | F5: no | G5: yes
A6: Jim | B6: 0.5 | C6: 0.2 | D6: 0.1 | E6: 0.4 | F6: yes | G6: no
A7: Angela | B7: 0.7 | C7: 0.8 | D7: 0.9 | E7: 0.1 | F7: no | G7: no
A8: Andy | B8: 0.3 | C8: 0.2 | D8: 0.1 | E8: 0.7 | F8: yes | G8: yes
A9: Kevin | B9: 0.4 | C9: 0.1 | D9: 0.1 | E9: 0.6 | F9: yes | G9: yes
A10: Toby | B10: 0.5 | C10: 0.4 | D10: 0.3 | E10: 0.5 | F10: yes | G10: yes
A11: Erin | B11: 0.9 | C11: 0.5 | D11: 0.6 | E11: 0.2 | F11: yes | G11: no
A12: Jan | B12: 0.8 | C12: 0.7 | D12: 0.4 | E12: 0.3 | F12: yes | G12: no
A13: Creed | B13: 0.6 | C13: 0.5 | D13: 0.4 | E13: 0.4 | F13: yes | G13: yes
A14: Stanley | B14: 0.4 | C14: 0.2 | D14: 0.6 | E14: 0.6 | F14: no | G14: yes

Sheet Sheet1
A1: 4 | B1: =A1^2 -> 16
A2: 5 | B2: =A2^2 -> 25
A3: 6 | B3: =A3^2 -> 36
A4: 7 | B4: =A4^2 -> 49
A5: 8 | B5: =A5^2 -> 64
B6: =SUM(B1:B5) -> 190
A8: 0.41 | B8: 0.8 | C8: 0.57
A9: 0 | B9: 1 | C9: 1
A10: =SUMXMY2(A8:C8, A9:C9) -> 0.393
A12: x | B12: equation | C12: sum
A13: 1 | B13: =5*A13+5 -> 10 | C13: =SUM(B13:B17) -> 100
A14: 2 | B14: =5*A14+5 -> 15
A15: 3 | B15: =5*A15+5 -> 20
A16: 4 | B16: =5*A16+5 -> 25
A17: 5 | B17: =5*A17+5 -> 30
A19: 4 | B19: =(7-A19)^2 -> 9 | C19: =SUM(B19:B23) -> 15
A20: 5 | B20: =(7-A20)^2 -> 4
A21: 6 | B21: =(7-A21)^2 -> 1
A22: 7 | B22: =(7-A22)^2 -> 0
A23: 8 | B23: =(7-A23)^2 -> 1
A24: k | B24: x | C24: y | D24: equation
A25: 1 | B25: 0.38 | C25: 0 | D25: =(B25-C25)^2 -> 0.1444 | E25: =SUM(D25:D28) -> 0.9778
A26: 2 | B26: 0.5 | C26: 0 | D26: =(B26-C26)^2 -> 0.25
A27: 3 | B27: 0.55 | C27: 0 | D27: =(B27-C27)^2 -> 0.3025
A28: 4 | B28: 0.53 | C28: 0 | D28: =(B28-C28)^2 -> 0.2809
A30: 1 | B30: 0.23 | C30: 6 | D30: =B30*C30 -> 1.38 | E30: =SUM(D30:D33) -> 11.62
A31: 2 | B31: 0.61 | C31: 6 | D31: =B31*C31 -> 3.66
A32: 3 | B32: 0.23 | C32: 7 | D32: =B32*C32 -> 1.61
A33: 4 | B33: 0.71 | C33: 7 | D33: =B33*C33 -> 4.97

Sheet Responses
A1: Response ID | B1: Serial Number | C1: Section | D1: Event 1 | E1: Event 2 | F1: Event 3 | G1: Event 4 | H1: Event 5 | I1: Event 6 | J1: Event 7 | K1: Event 8 | L1: Event 9 | M1: Event 10 | N1: Squared differenet event 1 | O1: Event 2 | P1: Event 3 | Q1: Event 4 | R1: Event 5 | S1: Event 6 | T1: Event 7 | U1: Event 8 | V1: Event 9 | W1: Event 10 | X1: Total Squared difference | Z1: Rounded Event 1 | AA1: Event 2 | AB1: Event 3 | AC1: Event 4 | AD1: Event 5 | AE1: Event 6 | AF1: Event 7 | AG1: Event 8 | AH1: Event 9 | AI1: Event 10 | AJ1: Total square differnece of rounded | AK1: # correct guesses
A2: 1 | B2: 4252000 | C2: 800 | D2: 0.2 | E2: 0.25 | F2: 0.5 | G2: 0.6 | H2: 0.3 | I2: 0.11 | J2: 0.8 | K2: 0.75 | L2: 0.67 | M2: 0.34 | N2: =(Occurrence!B$3-D2)^2 -> 0.04 | O2: =(Occurrence!C$3-E2)^2 -> 0.0625 | P2: =(Occurrence!D$3-F2)^2 -> 0.25 | Q2: =(Occurrence!E$3-G2)^2 -> 0.16 | R2: =(Occurrence!F$3-H2)^2 -> 0.09 | S2: =(Occurrence!G$3-I2)^2 -> 0.0121 | T2: =(Occurrence!H$3-J2)^2 -> 0.04 | U2: =(Occurrence!I$3-K2)^2 -> 0.0625 | ... W2: =(Occurrence!K$3-M2)^2 -> 0.4356 | X2: =SUM(N2:W2) -> 1.6016 | Y2: =MIN(X:X) -> 0 | Z2: =ROUND(D2, 0) -> 0 | AA2: =ROUND(E2, 0) -> 0 | AB2: =ROUND(F2, 0) -> 1 | AC2: =ROUND(G2, 0) -> 1 | AD2: =ROUND(H2, 0) -> 0 | AE2: =ROUND(I2, 0) -> 0 | AF2: =ROUND(J2, 0) -> 1 | AG2: =ROUND(K2, 0) -> 1 | ... AI2: =ROUND(M2, 0) -> 0 | AJ2: =SUMXMY2(Z2:AI2, Occurrence!B$3:K$3) -> 2 | AK2: =10-AJ2 -> 8
A3: 2 | B3: 4252001 | C3: 800 | D3: 0.01 | E3: 0.62 | F3: 1 | G3: 0.4 | H3: 0.22 | I3: 0 | J3: 0.5 | K3: 0.11 | L3: 0.98 | M3: 0.65 | N3: =(Occurrence!B$3-D3)^2 -> 0.0001 | O3: =(Occurrence!C$3-E3)^2 -> 0.3844 | P3: =(Occurrence!D$3-F3)^2 -> 0 | Q3: =(Occurrence!E$3-G3)^2 -> 0.36 | R3: =(Occurrence!F$3-H3)^2 -> 0.0484 | S3: =(Occurrence!G$3-I3)^2 -> 0 | T3: =(Occurrence!H$3-J3)^2 -> 0.25 | U3: =(Occurrence!I$3-K3)^2 -> 0.7921 | ... W3: =(Occurrence!K$3-M3)^2 -> 0.1225 | X3: =SUM(N3:W3) -> 2.9179 | Y3: =MAX(X:X) -> 6.3 | Z3: =ROUND(D3, 0) -> 0 | AA3: =ROUND(E3, 0) -> 1 | AB3: =ROUND(F3, 0) -> 1 | AC3: =ROUND(G3, 0) -> 0 | AD3: =ROUND(H3, 0) -> 0 | AE3: =ROUND(I3, 0) -> 0 | AF3: =ROUND(J3, 0) -> 1 | AG3: =ROUND(K3, 0) -> 0 | ... AI3: =ROUND(M3, 0) -> 1 | AJ3: =SUMXMY2(Z3:AI3, Occurrence!B$3:K$3) -> 4 | AK3: =10-AJ3 -> 6
A4: 3 | B4: 4252002 | C4: 800 | D4: 0.01 | E4: 0.05 | F4: 0.75 | G4: 0.95 | H4: 0.3 | I4: 0.15 | J4: 0.99 | K4: 0.99 | L4: 0.6 | M4: 0.6 | N4: =(Occurrence!B$3-D4)^2 -> 0.0001 | O4: =(Occurrence!C$3-E4)^2 -> 0.0025 | P4: =(Occurrence!D$3-F4)^2 -> 0.0625 | Q4: =(Occurrence!E$3-G4)^2 -> 0.0025 | R4: =(Occurrence!F$3-H4)^2 -> 0.09 | S4: =(Occurrence!G$3-I4)^2 -> 0.0225 | T4: =(Occurrence!H$3-J4)^2 -> 0.0001 | U4: =(Occurrence!I$3-K4)^2 -> 0.0001 | ... W4: =(Occurrence!K$3-M4)^2 -> 0.16 | X4: =SUM(N4:W4) -> 0.7003 | Y4: =COUNTIF(X:X, 0) -> 2 | Z4: =ROUND(D4, 0) -> 0 | AA4: =ROUND(E4, 0) -> 0 | AB4: =ROUND(F4, 0) -> 1 | AC4: =ROUND(G4, 0) -> 1 | AD4: =ROUND(H4, 0) -> 0 | AE4: =ROUND(I4, 0) -> 0 | AF4: =ROUND(J4, 0) -> 1 | AG4: =ROUND(K4, 0) -> 1 | ... AI4: =ROUND(M4, 0) -> 1 | AJ4: =SUMXMY2(Z4:AI4, Occurrence!B$3:K$3) -> 1 | AK4: =10-AJ4 -> 9
A5: 4 | B5: 4252003 | C5: 800 | D5: 0.3 | E5: 0.5 | F5: 0.7 | G5: 0.8 | H5: 0.4 | I5: 0.8 | J5: 0.6 | K5: 0.6 | L5: 1 | M5: 0.7 | N5: =(Occurrence!B$3-D5)^2 -> 0.09 | O5: =(Occurrence!C$3-E5)^2 -> 0.25 | P5: =(Occurrence!D$3-F5)^2 -> 0.09 | Q5: =(Occurrence!E$3-G5)^2 -> 0.04 | R5: =(Occurrence!F$3-H5)^2 -> 0.16 | S5: =(Occurrence!G$3-I5)^2 -> 0.64 | T5: =(Occurrence!H$3-J5)^2 -> 0.16 | U5: =(Occurrence!I$3-K5)^2 -> 0.16 | ... W5: =(Occurrence!K$3-M5)^2 -> 0.09 | X5: =SUM(N5:W5) -> 2.68 | Y5: =(0-0.01)^2 -> 0.0001 | Z5: =ROUND(D5, 0) -> 0 | AA5: =ROUND(E5, 0) -> 1 | AB5: =ROUND(F5, 0) -> 1 | AC5: =ROUND(G5, 0) -> 1 | AD5: =ROUND(H5, 0) -> 0 | AE5: =ROUND(I5, 0) -> 1 | AF5: =ROUND(J5, 0) -> 1 | AG5: =ROUND(K5, 0) -> 1 | ... AI5: =ROUND(M5, 0) -> 1 | AJ5: =SUMXMY2(Z5:AI5, Occurrence!B$3:K$3) -> 3 | AK5: =10-AJ5 -> 7
A6: 5 | B6: 4252004 | C6: 800 | D6: 0.01 | E6: 0.6 | F6: 0.05 | G6: 0.6 | H6: 0.9 | I6: 0.19 | J6: 0.3 | K6: 0.1 | L6: 0.2 | M6: 0.2 | N6: =(Occurrence!B$3-D6)^2 -> 0.0001 | O6: =(Occurrence!C$3-E6)^2 -> 0.36 | P6: =(Occurrence!D$3-F6)^2 -> 0.9025 | Q6: =(Occurrence!E$3-G6)^2 -> 0.16 | R6: =(Occurrence!F$3-H6)^2 -> 0.81 | S6: =(Occurrence!G$3-I6)^2 -> 0.0361 | T6: =(Occurrence!H$3-J6)^2 -> 0.49 | U6: =(Occurrence!I$3-K6)^2 -> 0.81 | ... W6: =(Occurrence!K$3-M6)^2 -> 0.64 | X6: =SUM(N6:W6) -> 4.2487 | Z6: =ROUND(D6, 0) -> 0 | AA6: =ROUND(E6, 0) -> 1 | AB6: =ROUND(F6, 0) -> 0 | AC6: =ROUND(G6, 0) -> 1 | AD6: =ROUND(H6, 0) -> 1 | AE6: =ROUND(I6, 0) -> 0 | AF6: =ROUND(J6, 0) -> 0 | AG6: =ROUND(K6, 0) -> 0 | ... AI6: =ROUND(M6, 0) -> 0 | AJ6: =SUMXMY2(Z6:AI6, Occurrence!B$3:K$3) -> 6 | AK6: =10-AJ6 -> 4
A7: 6 | B7: 4252005 | C7: 800 | D7: 0.08 | E7: 0.136 | F7: 0.488 | G7: 0.544 | H7: 0.4 | I7: 0.1 | J7: 1 | K7: 0.01 | L7: 0.99 | M7: 0.2 | N7: =(Occurrence!B$3-D7)^2 -> 0.0064 | O7: =(Occurrence!C$3-E7)^2 -> 0.018496 | P7: =(Occurrence!D$3-F7)^2 -> 0.262144 | Q7: =(Occurrence!E$3-G7)^2 -> 0.207936 | R7: =(Occurrence!F$3-H7)^2 -> 0.16 | S7: =(Occurrence!G$3-I7)^2 -> 0.01 | T7: =(Occurrence!H$3-J7)^2 -> 0 | U7: =(Occurrence!I$3-K7)^2 -> 0.9801 | ... W7: =(Occurrence!K$3-M7)^2 -> 0.64 | X7: =SUM(N7:W7) -> 3.265176 | Z7: =ROUND(D7, 0) -> 0 | AA7: =ROUND(E7, 0) -> 0 | AB7: =ROUND(F7, 0) -> 0 | AC7: =ROUND(G7, 0) -> 1 | AD7: =ROUND(H7, 0) -> 0 | AE7: =ROUND(I7, 0) -> 0 | AF7: =ROUND(J7, 0) -> 1 | AG7: =ROUND(K7, 0) -> 0 | ... AI7: =ROUND(M7, 0) -> 0 | AJ7: =SUMXMY2(Z7:AI7, Occurrence!B$3:K$3) -> 4 | AK7: =10-AJ7 -> 6
A8: 7 | B8: 4252006 | C8: 800 | D8: 0.05 | E8: 0.1 | F8: 0.25 | G8: 0.8 | H8: 0.7 | I8: 0.5 | J8: 0.23 | K8: 0.67 | L8: 0.12 | M8: 0.52 | N8: =(Occurrence!B$3-D8)^2 -> 0.0025 | O8: =(Occurrence!C$3-E8)^2 -> 0.01 | P8: =(Occurrence!D$3-F8)^2 -> 0.5625 | Q8: =(Occurrence!E$3-G8)^2 -> 0.04 | R8: =(Occurrence!F$3-H8)^2 -> 0.49 | S8: =(Occurrence!G$3-I8)^2 -> 0.25 | T8: =(Occurrence!H$3-J8)^2 -> 0.5929 | U8: =(Occurrence!I$3-K8)^2 -> 0.1089 | ... W8: =(Occurrence!K$3-M8)^2 -> 0.2304 | X8: =SUM(N8:W8) -> 2.3016 | Z8: =ROUND(D8, 0) -> 0 | AA8: =ROUND(E8, 0) -> 0 | AB8: =ROUND(F8, 0) -> 0 | AC8: =ROUND(G8, 0) -> 1 | AD8: =ROUND(H8, 0) -> 1 | AE8: =ROUND(I8, 0) -> 1 | AF8: =ROUND(J8, 0) -> 0 | AG8: =ROUND(K8, 0) -> 1 | ... AI8: =ROUND(M8, 0) -> 1 | AJ8: =SUMXMY2(Z8:AI8, Occurrence!B$3:K$3) -> 4 | AK8: =10-AJ8 -> 6
A9: 8 | B9: 4252007 | C9: 800 | D9: 0.03 | E9: 0.5 | F9: 0.5 | G9: 0.3 | H9: 0.5 | I9: 0.015 | J9: 0.4 | K9: 0.6 | L9: 0.8 | M9: 0.6 | N9: =(Occurrence!B$3-D9)^2 -> 0.0009 | O9: =(Occurrence!C$3-E9)^2 -> 0.25 | P9: =(Occurrence!D$3-F9)^2 -> 0.25 | Q9: =(Occurrence!E$3-G9)^2 -> 0.49 | R9: =(Occurrence!F$3-H9)^2 -> 0.25 | S9: =(Occurrence!G$3-I9)^2 -> 0.000225 | T9: =(Occurrence!H$3-J9)^2 -> 0.36 | U9: =(Occurrence!I$3-K9)^2 -> 0.16 | ... W9: =(Occurrence!K$3-M9)^2 -> 0.16 | X9: =SUM(N9:W9) -> 2.561125 | Z9: =ROUND(D9, 0) -> 0 | AA9: =ROUND(E9, 0) -> 1 | AB9: =ROUND(F9, 0) -> 1 | AC9: =ROUND(G9, 0) -> 0 | AD9: =ROUND(H9, 0) -> 1 | AE9: =ROUND(I9, 0) -> 0 | AF9: =ROUND(J9, 0) -> 0 | AG9: =ROUND(K9, 0) -> 1 | ... AI9: =ROUND(M9, 0) -> 1 | AJ9: =SUMXMY2(Z9:AI9, Occurrence!B$3:K$3) -> 5 | AK9: =10-AJ9 -> 5
A10: 9 | B10: 4252008 | C10: 800 | D10: 0.01 | E10: 0.01 | F10: 0.99 | G10: 0.99 | H10: 0.01 | I10: 0.99 | J10: 0.75 | K10: 0.9131 | L10: 0.5 | M10: 0.79 | N10: =(Occurrence!B$3-D10)^2 -> 0.0001 | O10: =(Occurrence!C$3-E10)^2 -> 0.0001 | P10: =(Occurrence!D$3-F10)^2 -> 0.0001 | Q10: =(Occurrence!E$3-G10)^2 -> 0.0001 | R10: =(Occurrence!F$3-H10)^2 -> 0.0001 | S10: =(Occurrence!G$3-I10)^2 -> 0.9801 | T10: =(Occurrence!H$3-J10)^2 -> 0.0625 | U10: =(Occurrence!I$3-K10)^2 -> 0.00755161 | ... W10: =(Occurrence!K$3-M10)^2 -> 0.0441 | X10: =SUM(N10:W10) -> 1.3447516 | Z10: =ROUND(D10, 0) -> 0 | AA10: =ROUND(E10, 0) -> 0 | AB10: =ROUND(F10, 0) -> 1 | AC10: =ROUND(G10, 0) -> 1 | AD10: =ROUND(H10, 0) -> 0 | AE10: =ROUND(I10, 0) -> 1 | AF10: =ROUND(J10, 0) -> 1 | AG10: =ROUND(K10, 0) -> 1 | ... AI10: =ROUND(M10, 0) -> 1 | AJ10: =SUMXMY2(Z10:AI10, Occurrence!B$3:K$3) -> 2 | AK10: =10-AJ10 -> 8
A11: 10 | B11: 4252009 | C11: 800 | D11: 0.02 | E11: 0.05 | F11: 0.99 | G11: 0.95 | H11: 0.5 | I11: 0.45 | J11: 0.23 | K11: 0.5 | L11: 0.7 | M11: 0.61 | N11: =(Occurrence!B$3-D11)^2 -> 0.0004 | O11: =(Occurrence!C$3-E11)^2 -> 0.0025 | P11: =(Occurrence!D$3-F11)^2 -> 0.0001 | Q11: =(Occurrence!E$3-G11)^2 -> 0.0025 | R11: =(Occurrence!F$3-H11)^2 -> 0.25 | S11: =(Occurrence!G$3-I11)^2 -> 0.2025 | T11: =(Occurrence!H$3-J11)^2 -> 0.5929 | U11: =(Occurrence!I$3-K11)^2 -> 0.25 | ... W11: =(Occurrence!K$3-M11)^2 -> 0.1521 | X11: =SUM(N11:W11) -> 1.943 | Z11: =ROUND(D11, 0) -> 0 | AA11: =ROUND(E11, 0) -> 0 | AB11: =ROUND(F11, 0) -> 1 | AC11: =ROUND(G11, 0) -> 1 | AD11: =ROUND(H11, 0) -> 1 | AE11: =ROUND(I11, 0) -> 0 | AF11: =ROUND(J11, 0) -> 0 | AG11: =ROUND(K11, 0) -> 1 | ... AI11: =ROUND(M11, 0) -> 1 | AJ11: =SUMXMY2(Z11:AI11, Occurrence!B$3:K$3) -> 3 | AK11: =10-AJ11 -> 7
A12: 11 | B12: 4252010 | C12: 800 | D12: 0.01 | E12: 0.05 | F12: 0.05 | G12: 0.1 | H12: 0.2 | I12: 0.7 | J12: 0.4 | K12: 0.38 | L12: 0.56 | M12: 0.41 | N12: =(Occurrence!B$3-D12)^2 -> 0.0001 | O12: =(Occurrence!C$3-E12)^2 -> 0.0025 | P12: =(Occurrence!D$3-F12)^2 -> 0.9025 | Q12: =(Occurrence!E$3-G12)^2 -> 0.81 | R12: =(Occurrence!F$3-H12)^2 -> 0.04 | S12: =(Occurrence!G$3-I12)^2 -> 0.49 | T12: =(Occurrence!H$3-J12)^2 -> 0.36 | U12: =(Occurrence!I$3-K12)^2 -> 0.3844 | ... W12: =(Occurrence!K$3-M12)^2 -> 0.3481 | X12: =SUM(N12:W12) -> 3.6512 | Z12: =ROUND(D12, 0) -> 0 | AA12: =ROUND(E12, 0) -> 0 | AB12: =ROUND(F12, 0) -> 0 | AC12: =ROUND(G12, 0) -> 0 | AD12: =ROUND(H12, 0) -> 0 | AE12: =ROUND(I12, 0) -> 1 | AF12: =ROUND(J12, 0) -> 0 | AG12: =ROUND(K12, 0) -> 0 | ... AI12: =ROUND(M12, 0) -> 0 | AJ12: =SUMXMY2(Z12:AI12, Occurrence!B$3:K$3) -> 7 | AK12: =10-AJ12 -> 3
A13: 12 | B13: 4252011 | C13: 800 | D13: 0.01 | E13: 0.01 | F13: 0.03 | G13: 0.04 | H13: 0.06 | I13: 0.01 | J13: 0.15 | K13: 0.08 | L13: 0.05 | M13: 0.03 | N13: =(Occurrence!B$3-D13)^2 -> 0.0001 | O13: =(Occurrence!C$3-E13)^2 -> 0.0001 | P13: =(Occurrence!D$3-F13)^2 -> 0.9409 | Q13: =(Occurrence!E$3-G13)^2 -> 0.9216 | R13: =(Occurrence!F$3-H13)^2 -> 0.0036 | S13: =(Occurrence!G$3-I13)^2 -> 0.0001 | T13: =(Occurrence!H$3-J13)^2 -> 0.7225 | U13: =(Occurrence!I$3-K13)^2 -> 0.8464 | ... W13: =(Occurrence!K$3-M13)^2 -> 0.9409 | X13: =SUM(N13:W13) -> 4.3787 | Z13: =ROUND(D13, 0) -> 0 | AA13: =ROUND(E13, 0) -> 0 | AB13: =ROUND(F13, 0) -> 0 | AC13: =ROUND(G13, 0) -> 0 | AD13: =ROUND(H13, 0) -> 0 | AE13: =ROUND(I13, 0) -> 0 | AF13: =ROUND(J13, 0) -> 0 | AG13: =ROUND(K13, 0) -> 0 | ... AI13: =ROUND(M13, 0) -> 0 | AJ13: =SUMXMY2(Z13:AI13, Occurrence!B$3:K$3) -> 5 | AK13: =10-AJ13 -> 5
A14: 13 | B14: 4252012 | C14: 800 | D14: 0.02 | E14: 0.3 | F14: 0.45 | G14: 0.35 | H14: 0.8 | I14: 0.1 | J14: 0.15 | K14: 0.65 | L14: 0.2 | M14: 0.15 | N14: =(Occurrence!B$3-D14)^2 -> 0.0004 | O14: =(Occurrence!C$3-E14)^2 -> 0.09 | P14: =(Occurrence!D$3-F14)^2 -> 0.3025 | Q14: =(Occurrence!E$3-G14)^2 -> 0.4225 | R14: =(Occurrence!F$3-H14)^2 -> 0.64 | S14: =(Occurrence!G$3-I14)^2 -> 0.01 | T14: =(Occurrence!H$3-J14)^2 -> 0.7225 | U14: =(Occurrence!I$3-K14)^2 -> 0.1225 | ... W14: =(Occurrence!K$3-M14)^2 -> 0.7225 | X14: =SUM(N14:W14) -> 3.0729 | Z14: =ROUND(D14, 0) -> 0 | AA14: =ROUND(E14, 0) -> 0 | AB14: =ROUND(F14, 0) -> 0 | AC14: =ROUND(G14, 0) -> 0 | AD14: =ROUND(H14, 0) -> 1 | AE14: =ROUND(I14, 0) -> 0 | AF14: =ROUND(J14, 0) -> 0 | AG14: =ROUND(K14, 0) -> 1 | ... AI14: =ROUND(M14, 0) -> 0 | AJ14: =SUMXMY2(Z14:AI14, Occurrence!B$3:K$3) -> 5 | AK14: =10-AJ14 -> 5
A15: 14 | B15: 4252013 | C15: 800 | D15: 0.463 | E15: 0.934 | F15: 0.246 | G15: 0.745 | H15: 0.4 | I15: 0.05 | J15: 0.43 | K15: 0.6 | L15: 0.04 | M15: 0.2 | N15: =(Occurrence!B$3-D15)^2 -> 0.214369 | O15: =(Occurrence!C$3-E15)^2 -> 0.872356 | P15: =(Occurrence!D$3-F15)^2 -> 0.568516 | Q15: =(Occurrence!E$3-G15)^2 -> 0.065025 | R15: =(Occurrence!F$3-H15)^2 -> 0.16 | S15: =(Occurrence!G$3-I15)^2 -> 0.0025 | T15: =(Occurrence!H$3-J15)^2 -> 0.3249 | U15: =(Occurrence!I$3-K15)^2 -> 0.16 | ... W15: =(Occurrence!K$3-M15)^2 -> 0.64 | X15: =SUM(N15:W15) -> 3.009266 | Z15: =ROUND(D15, 0) -> 0 | AA15: =ROUND(E15, 0) -> 1 | AB15: =ROUND(F15, 0) -> 0 | AC15: =ROUND(G15, 0) -> 1 | AD15: =ROUND(H15, 0) -> 0 | AE15: =ROUND(I15, 0) -> 0 | AF15: =ROUND(J15, 0) -> 0 | AG15: =ROUND(K15, 0) -> 1 | ... AI15: =ROUND(M15, 0) -> 0 | AJ15: =SUMXMY2(Z15:AI15, Occurrence!B$3:K$3) -> 4 | AK15: =10-AJ15 -> 6
A16: 15 | B16: 4252014 | C16: 800 | D16: 0.15 | E16: 0.45 | F16: 0.35 | G16: 0.52 | H16: 0.7 | I16: 0.75 | J16: 0.65 | K16: 0.8 | L16: 0.7 | M16: 0.8 | N16: =(Occurrence!B$3-D16)^2 -> 0.0225 | O16: =(Occurrence!C$3-E16)^2 -> 0.2025 | P16: =(Occurrence!D$3-F16)^2 -> 0.4225 | Q16: =(Occurrence!E$3-G16)^2 -> 0.2304 | R16: =(Occurrence!F$3-H16)^2 -> 0.49 | S16: =(Occurrence!G$3-I16)^2 -> 0.5625 | T16: =(Occurrence!H$3-J16)^2 -> 0.1225 | U16: =(Occurrence!I$3-K16)^2 -> 0.04 | ... W16: =(Occurrence!K$3-M16)^2 -> 0.04 | X16: =SUM(N16:W16) -> 2.6229 | Z16: =ROUND(D16, 0) -> 0 | AA16: =ROUND(E16, 0) -> 0 | AB16: =ROUND(F16, 0) -> 0 | AC16: =ROUND(G16, 0) -> 1 | AD16: =ROUND(H16, 0) -> 1 | AE16: =ROUND(I16, 0) -> 1 | AF16: =ROUND(J16, 0) -> 1 | AG16: =ROUND(K16, 0) -> 1 | ... AI16: =ROUND(M16, 0) -> 1 | AJ16: =SUMXMY2(Z16:AI16, Occurrence!B$3:K$3) -> 4 | AK16: =10-AJ16 -> 6
A17: 16 | B17: 4252015 | C17: 800 | D17: 0.01 | E17: 0.05 | F17: 0.85 | G17: 1 | H17: 0.45 | I17: 0.2 | J17: 0.99 | K17: 0.32 | L17: 0.6 | M17: 0.6 | N17: =(Occurrence!B$3-D17)^2 -> 0.0001 | O17: =(Occurrence!C$3-E17)^2 -> 0.0025 | P17: =(Occurrence!D$3-F17)^2 -> 0.0225 | Q17: =(Occurrence!E$3-G17)^2 -> 0 | R17: =(Occurrence!F$3-H17)^2 -> 0.2025 | S17: =(Occurrence!G$3-I17)^2 -> 0.04 | T17: =(Occurrence!H$3-J17)^2 -> 0.0001 | U17: =(Occurrence!I$3-K17)^2 -> 0.4624 | ... W17: =(Occurrence!K$3-M17)^2 -> 0.16 | X17: =SUM(N17:W17) -> 1.2501 | Z17: =ROUND(D17, 0) -> 0 | AA17: =ROUND(E17, 0) -> 0 | AB17: =ROUND(F17, 0) -> 1 | AC17: =ROUND(G17, 0) -> 1 | AD17: =ROUND(H17, 0) -> 0 | AE17: =ROUND(I17, 0) -> 0 | AF17: =ROUND(J17, 0) -> 1 | AG17: =ROUND(K17, 0) -> 0 | ... AI17: =ROUND(M17, 0) -> 1 | AJ17: =SUMXMY2(Z17:AI17, Occurrence!B$3:K$3) -> 2 | AK17: =10-AJ17 -> 8
... A313: 312 | B313: 4252311 | C313: 812 | D313: 0.01 | E313: 0.001 | F313: 0.9 | G313: 0.9999 | H313: 0.2 | I313: 0.1 | J313: 0.04 | K313: 0.15 | L313: 0.75 | M313: 0.55 | N313: =(Occurrence!B$3-D313)^2 -> 0.0001 | O313: =(Occurrence!C$3-E313)^2 -> 1e-06 | P313: =(Occurrence!D$3-F313)^2 -> 0.01 | Q313: =(Occurrence!E$3-G313)^2 -> 1e-08 | R313: =(Occurrence!F$3-H313)^2 -> 0.04 | S313: =(Occurrence!G$3-I313)^2 -> 0.01 | T313: =(Occurrence!H$3-J313)^2 -> 0.9216 | U313: =(Occurrence!I$3-K313)^2 -> 0.7225 | ... W313: =(Occurrence!K$3-M313)^2 -> 0.2025 | X313: =SUM(N313:W313) -> 2.469201 | Z313: =ROUND(D313, 0) -> 0 | AA313: =ROUND(E313, 0) -> 0 | AB313: =ROUND(F313, 0) -> 1 | AC313: =ROUND(G313, 0) -> 1 | AD313: =ROUND(H313, 0) -> 0 | AE313: =ROUND(I313, 0) -> 0 | AF313: =ROUND(J313, 0) -> 0 | AG313: =ROUND(K313, 0) -> 0 | ... AI313: =ROUND(M313, 0) -> 1 | AJ313: =SUMXMY2(Z313:AI313, Occurrence!B$3:K$3) -> 3 | AK313: =10-AJ313 -> 7
A314: 313 | B314: 4252312 | C314: 610R | D314: 0.02 | E314: 0.05 | F314: 0.8 | G314: 0.9 | H314: 0.18 | I314: 0.13 | J314: 0.12 | K314: 0.75 | L314: 0.03 | M314: 0.78 | N314: =(Occurrence!B$3-D314)^2 -> 0.0004 | O314: =(Occurrence!C$3-E314)^2 -> 0.0025 | P314: =(Occurrence!D$3-F314)^2 -> 0.04 | Q314: =(Occurrence!E$3-G314)^2 -> 0.01 | R314: =(Occurrence!F$3-H314)^2 -> 0.0324 | S314: =(Occurrence!G$3-I314)^2 -> 0.0169 | T314: =(Occurrence!H$3-J314)^2 -> 0.7744 | U314: =(Occurrence!I$3-K314)^2 -> 0.0625 | ... W314: =(Occurrence!K$3-M314)^2 -> 0.0484 | X314: =SUM(N314:W314) -> 0.9884 | Z314: =ROUND(D314, 0) -> 0 | AA314: =ROUND(E314, 0) -> 0 | AB314: =ROUND(F314, 0) -> 1 | AC314: =ROUND(G314, 0) -> 1 | AD314: =ROUND(H314, 0) -> 0 | AE314: =ROUND(I314, 0) -> 0 | AF314: =ROUND(J314, 0) -> 0 | AG314: =ROUND(K314, 0) -> 1 | ... AI314: =ROUND(M314, 0) -> 1 | AJ314: =SUMXMY2(Z314:AI314, Occurrence!B$3:K$3) -> 1 | AK314: =10-AJ314 -> 9
A315: 314 | B315: 4252313 | C315: 610R | D315: 0.00126 | E315: 0.00545 | F315: 0.99874 | G315: 0.994 | H315: 0.00055 | I315: 0.5654 | J315: 0.7862 | K315: 0.8543 | L315: 0.6072 | M315: 0.4765 | N315: =(Occurrence!B$3-D315)^2 -> 1.5876e-06 | O315: =(Occurrence!C$3-E315)^2 -> 2.97025e-05 | P315: =(Occurrence!D$3-F315)^2 -> 1.5876e-06 | Q315: =(Occurrence!E$3-G315)^2 -> 3.6e-05 | R315: =(Occurrence!F$3-H315)^2 -> 3.025e-07 | S315: =(Occurrence!G$3-I315)^2 -> 0.31967716 | T315: =(Occurrence!H$3-J315)^2 -> 0.04571044 | U315: =(Occurrence!I$3-K315)^2 -> 0.02122849 | ... W315: =(Occurrence!K$3-M315)^2 -> 0.27405225 | X315: =SUM(N315:W315) -> 1.0294294 | Z315: =ROUND(D315, 0) -> 0 | AA315: =ROUND(E315, 0) -> 0 | AB315: =ROUND(F315, 0) -> 1 | AC315: =ROUND(G315, 0) -> 1 | AD315: =ROUND(H315, 0) -> 0 | AE315: =ROUND(I315, 0) -> 1 | AF315: =ROUND(J315, 0) -> 1 | AG315: =ROUND(K315, 0) -> 1 | ... AI315: =ROUND(M315, 0) -> 0 | AJ315: =SUMXMY2(Z315:AI315, Occurrence!B$3:K$3) -> 3 | AK315: =10-AJ315 -> 7
A316: 315 | B316: 4252314 | C316: 610R | D316: 0.1 | E316: 0.3 | F316: 0.6 | G316: 0.8 | H316: 0.3 | I316: 0.6 | J316: 0.9 | K316: 0.7 | L316: 0.2 | M316: 0.8 | N316: =(Occurrence!B$3-D316)^2 -> 0.01 | O316: =(Occurrence!C$3-E316)^2 -> 0.09 | P316: =(Occurrence!D$3-F316)^2 -> 0.16 | Q316: =(Occurrence!E$3-G316)^2 -> 0.04 | R316: =(Occurrence!F$3-H316)^2 -> 0.09 | S316: =(Occurrence!G$3-I316)^2 -> 0.36 | T316: =(Occurrence!H$3-J316)^2 -> 0.01 | U316: =(Occurrence!I$3-K316)^2 -> 0.09 | ... W316: =(Occurrence!K$3-M316)^2 -> 0.04 | X316: =SUM(N316:W316) -> 0.93 | Z316: =ROUND(D316, 0) -> 0 | AA316: =ROUND(E316, 0) -> 0 | AB316: =ROUND(F316, 0) -> 1 | AC316: =ROUND(G316, 0) -> 1 | AD316: =ROUND(H316, 0) -> 0 | AE316: =ROUND(I316, 0) -> 1 | AF316: =ROUND(J316, 0) -> 1 | AG316: =ROUND(K316, 0) -> 1 | ... AI316: =ROUND(M316, 0) -> 1 | AJ316: =SUMXMY2(Z316:AI316, Occurrence!B$3:K$3) -> 1 | AK316: =10-AJ316 -> 9
A317: 316 | B317: 4252315 | C317: 610R | D317: 0.25 | E317: 0.4 | F317: 0.25 | G317: 0.4 | H317: 0.5 | I317: 0.6 | J317: 0.9 | K317: 0.15 | L317: 0.27 | M317: 0.64 | N317: =(Occurrence!B$3-D317)^2 -> 0.0625 | O317: =(Occurrence!C$3-E317)^2 -> 0.16 | P317: =(Occurrence!D$3-F317)^2 -> 0.5625 | Q317: =(Occurrence!E$3-G317)^2 -> 0.36 | R317: =(Occurrence!F$3-H317)^2 -> 0.25 | S317: =(Occurrence!G$3-I317)^2 -> 0.36 | T317: =(Occurrence!H$3-J317)^2 -> 0.01 | U317: =(Occurrence!I$3-K317)^2 -> 0.7225 | ... W317: =(Occurrence!K$3-M317)^2 -> 0.1296 | X317: =SUM(N317:W317) -> 2.69 | Z317: =ROUND(D317, 0) -> 0 | AA317: =ROUND(E317, 0) -> 0 | AB317: =ROUND(F317, 0) -> 0 | AC317: =ROUND(G317, 0) -> 0 | AD317: =ROUND(H317, 0) -> 1 | AE317: =ROUND(I317, 0) -> 1 | AF317: =ROUND(J317, 0) -> 1 | AG317: =ROUND(K317, 0) -> 0 | ... AI317: =ROUND(M317, 0) -> 1 | AJ317: =SUMXMY2(Z317:AI317, Occurrence!B$3:K$3) -> 5 | AK317: =10-AJ317 -> 5
A318: 317 | B318: 4252316 | C318: 610R | D318: 0 | E318: 0 | F318: 0.8 | G318: 0.9 | H318: 0.3 | I318: 0.5 | J318: 1 | K318: 0.1 | L318: 0.1 | M318: 0.6 | N318: =(Occurrence!B$3-D318)^2 -> 0 | O318: =(Occurrence!C$3-E318)^2 -> 0 | P318: =(Occurrence!D$3-F318)^2 -> 0.04 | Q318: =(Occurrence!E$3-G318)^2 -> 0.01 | R318: =(Occurrence!F$3-H318)^2 -> 0.09 | S318: =(Occurrence!G$3-I318)^2 -> 0.25 | T318: =(Occurrence!H$3-J318)^2 -> 0 | U318: =(Occurrence!I$3-K318)^2 -> 0.81 | ... W318: =(Occurrence!K$3-M318)^2 -> 0.16 | X318: =SUM(N318:W318) -> 1.37 | Z318: =ROUND(D318, 0) -> 0 | AA318: =ROUND(E318, 0) -> 0 | AB318: =ROUND(F318, 0) -> 1 | AC318: =ROUND(G318, 0) -> 1 | AD318: =ROUND(H318, 0) -> 0 | AE318: =ROUND(I318, 0) -> 1 | AF318: =ROUND(J318, 0) -> 1 | AG318: =ROUND(K318, 0) -> 0 | ... AI318: =ROUND(M318, 0) -> 1 | AJ318: =SUMXMY2(Z318:AI318, Occurrence!B$3:K$3) -> 2 | AK318: =10-AJ318 -> 8
A319: 318 | B319: 4252317 | C319: 610R | D319: 0.2 | E319: 0.2 | F319: 0.8 | G319: 0.8 | H319: 0.5 | I319: 0.5 | J319: 1 | K319: 0.1 | L319: 0.1 | M319: 0.6 | N319: =(Occurrence!B$3-D319)^2 -> 0.04 | O319: =(Occurrence!C$3-E319)^2 -> 0.04 | P319: =(Occurrence!D$3-F319)^2 -> 0.04 | Q319: =(Occurrence!E$3-G319)^2 -> 0.04 | R319: =(Occurrence!F$3-H319)^2 -> 0.25 | S319: =(Occurrence!G$3-I319)^2 -> 0.25 | T319: =(Occurrence!H$3-J319)^2 -> 0 | U319: =(Occurrence!I$3-K319)^2 -> 0.81 | ... W319: =(Occurrence!K$3-M319)^2 -> 0.16 | X319: =SUM(N319:W319) -> 1.64 | Z319: =ROUND(D319, 0) -> 0 | AA319: =ROUND(E319, 0) -> 0 | AB319: =ROUND(F319, 0) -> 1 | AC319: =ROUND(G319, 0) -> 1 | AD319: =ROUND(H319, 0) -> 1 | AE319: =ROUND(I319, 0) -> 1 | AF319: =ROUND(J319, 0) -> 1 | AG319: =ROUND(K319, 0) -> 0 | ... AI319: =ROUND(M319, 0) -> 1 | AJ319: =SUMXMY2(Z319:AI319, Occurrence!B$3:K$3) -> 3 | AK319: =10-AJ319 -> 7
A320: 319 | B320: 4252318 | C320: 610R | D320: 0.1 | E320: 0.1 | F320: 0.4 | G320: 0.8 | H320: 0.5 | I320: 0.5 | J320: 1 | K320: 0.1 | L320: 0.1 | M320: 0.6 | N320: =(Occurrence!B$3-D320)^2 -> 0.01 | O320: =(Occurrence!C$3-E320)^2 -> 0.01 | P320: =(Occurrence!D$3-F320)^2 -> 0.36 | Q320: =(Occurrence!E$3-G320)^2 -> 0.04 | R320: =(Occurrence!F$3-H320)^2 -> 0.25 | S320: =(Occurrence!G$3-I320)^2 -> 0.25 | T320: =(Occurrence!H$3-J320)^2 -> 0 | U320: =(Occurrence!I$3-K320)^2 -> 0.81 | ... W320: =(Occurrence!K$3-M320)^2 -> 0.16 | X320: =SUM(N320:W320) -> 1.9 | Z320: =ROUND(D320, 0) -> 0 | AA320: =ROUND(E320, 0) -> 0 | AB320: =ROUND(F320, 0) -> 0 | AC320: =ROUND(G320, 0) -> 1 | AD320: =ROUND(H320, 0) -> 1 | AE320: =ROUND(I320, 0) -> 1 | AF320: =ROUND(J320, 0) -> 1 | AG320: =ROUND(K320, 0) -> 0 | ... AI320: =ROUND(M320, 0) -> 1 | AJ320: =SUMXMY2(Z320:AI320, Occurrence!B$3:K$3) -> 4 | AK320: =10-AJ320 -> 6
A321: 320 | B321: 4252319 | C321: 610R | D321: 0.2 | E321: 0.4 | F321: 0.3 | G321: 0.4 | H321: 0.2 | I321: 0.1 | J321: 0.9 | K321: 0.9 | L321: 0.1 | M321: 0.7 | N321: =(Occurrence!B$3-D321)^2 -> 0.04 | O321: =(Occurrence!C$3-E321)^2 -> 0.16 | P321: =(Occurrence!D$3-F321)^2 -> 0.49 | Q321: =(Occurrence!E$3-G321)^2 -> 0.36 | R321: =(Occurrence!F$3-H321)^2 -> 0.04 | S321: =(Occurrence!G$3-I321)^2 -> 0.01 | T321: =(Occurrence!H$3-J321)^2 -> 0.01 | U321: =(Occurrence!I$3-K321)^2 -> 0.01 | ... W321: =(Occurrence!K$3-M321)^2 -> 0.09 | X321: =SUM(N321:W321) -> 1.22 | Z321: =ROUND(D321, 0) -> 0 | AA321: =ROUND(E321, 0) -> 0 | AB321: =ROUND(F321, 0) -> 0 | AC321: =ROUND(G321, 0) -> 0 | AD321: =ROUND(H321, 0) -> 0 | AE321: =ROUND(I321, 0) -> 0 | AF321: =ROUND(J321, 0) -> 1 | AG321: =ROUND(K321, 0) -> 1 | ... AI321: =ROUND(M321, 0) -> 1 | AJ321: =SUMXMY2(Z321:AI321, Occurrence!B$3:K$3) -> 2 | AK321: =10-AJ321 -> 8
A322: 321 | B322: 4252320 | C322: 610R | D322: 0.1 | E322: 0.05 | F322: 0.85 | G322: 0.87 | H322: 0.2 | I322: 0.63 | J322: 0.9 | K322: 0.9 | L322: 0.4 | M322: 0.7 | N322: =(Occurrence!B$3-D322)^2 -> 0.01 | O322: =(Occurrence!C$3-E322)^2 -> 0.0025 | P322: =(Occurrence!D$3-F322)^2 -> 0.0225 | Q322: =(Occurrence!E$3-G322)^2 -> 0.0169 | R322: =(Occurrence!F$3-H322)^2 -> 0.04 | S322: =(Occurrence!G$3-I322)^2 -> 0.3969 | T322: =(Occurrence!H$3-J322)^2 -> 0.01 | U322: =(Occurrence!I$3-K322)^2 -> 0.01 | ... W322: =(Occurrence!K$3-M322)^2 -> 0.09 | X322: =SUM(N322:W322) -> 0.7588 | Z322: =ROUND(D322, 0) -> 0 | AA322: =ROUND(E322, 0) -> 0 | AB322: =ROUND(F322, 0) -> 1 | AC322: =ROUND(G322, 0) -> 1 | AD322: =ROUND(H322, 0) -> 0 | AE322: =ROUND(I322, 0) -> 1 | AF322: =ROUND(J322, 0) -> 1 | AG322: =ROUND(K322, 0) -> 1 | ... AI322: =ROUND(M322, 0) -> 1 | AJ322: =SUMXMY2(Z322:AI322, Occurrence!B$3:K$3) -> 1 | AK322: =10-AJ322 -> 9
A323: 322 | B323: 4252321 | C323: 610R | D323: 0.2 | E323: 0.4 | F323: 0.3 | G323: 0.4 | H323: 0.2 | I323: 0.1 | J323: 0.9 | K323: 0.9 | L323: 0.1 | M323: 0.7 | N323: =(Occurrence!B$3-D323)^2 -> 0.04 | O323: =(Occurrence!C$3-E323)^2 -> 0.16 | P323: =(Occurrence!D$3-F323)^2 -> 0.49 | Q323: =(Occurrence!E$3-G323)^2 -> 0.36 | R323: =(Occurrence!F$3-H323)^2 -> 0.04 | S323: =(Occurrence!G$3-I323)^2 -> 0.01 | T323: =(Occurrence!H$3-J323)^2 -> 0.01 | U323: =(Occurrence!I$3-K323)^2 -> 0.01 | ... W323: =(Occurrence!K$3-M323)^2 -> 0.09 | X323: =SUM(N323:W323) -> 1.22 | Z323: =ROUND(D323, 0) -> 0 | AA323: =ROUND(E323, 0) -> 0 | AB323: =ROUND(F323, 0) -> 0 | AC323: =ROUND(G323, 0) -> 0 | AD323: =ROUND(H323, 0) -> 0 | AE323: =ROUND(I323, 0) -> 0 | AF323: =ROUND(J323, 0) -> 1 | AG323: =ROUND(K323, 0) -> 1 | ... AI323: =ROUND(M323, 0) -> 1 | AJ323: =SUMXMY2(Z323:AI323, Occurrence!B$3:K$3) -> 2 | AK323: =10-AJ323 -> 8
A324: 323 | B324: 4252322 | C324: 610R | D324: 0.2 | E324: 0.4 | F324: 0.2 | G324: 0.4 | H324: 0.4 | I324: 0.1 | J324: 0.9 | K324: 1 | L324: 0.25 | M324: 0.8 | N324: =(Occurrence!B$3-D324)^2 -> 0.04 | O324: =(Occurrence!C$3-E324)^2 -> 0.16 | P324: =(Occurrence!D$3-F324)^2 -> 0.64 | Q324: =(Occurrence!E$3-G324)^2 -> 0.36 | R324: =(Occurrence!F$3-H324)^2 -> 0.16 | S324: =(Occurrence!G$3-I324)^2 -> 0.01 | T324: =(Occurrence!H$3-J324)^2 -> 0.01 | U324: =(Occurrence!I$3-K324)^2 -> 0 | ... W324: =(Occurrence!K$3-M324)^2 -> 0.04 | X324: =SUM(N324:W324) -> 1.4825 | Z324: =ROUND(D324, 0) -> 0 | AA324: =ROUND(E324, 0) -> 0 | AB324: =ROUND(F324, 0) -> 0 | AC324: =ROUND(G324, 0) -> 0 | AD324: =ROUND(H324, 0) -> 0 | AE324: =ROUND(I324, 0) -> 0 | AF324: =ROUND(J324, 0) -> 1 | AG324: =ROUND(K324, 0) -> 1 | ... AI324: =ROUND(M324, 0) -> 1 | AJ324: =SUMXMY2(Z324:AI324, Occurrence!B$3:K$3) -> 2 | AK324: =10-AJ324 -> 8
A325: 324 | B325: 4252323 | C325: 610R | D325: 0.1 | E325: 0.2 | F325: 0.8 | G325: 0.9 | H325: 0.1 | I325: 0.4 | J325: 0.1 | K325: 0.2 | L325: 0.1 | M325: 0.9 | N325: =(Occurrence!B$3-D325)^2 -> 0.01 | O325: =(Occurrence!C$3-E325)^2 -> 0.04 | P325: =(Occurrence!D$3-F325)^2 -> 0.04 | Q325: =(Occurrence!E$3-G325)^2 -> 0.01 | R325: =(Occurrence!F$3-H325)^2 -> 0.01 | S325: =(Occurrence!G$3-I325)^2 -> 0.16 | T325: =(Occurrence!H$3-J325)^2 -> 0.81 | U325: =(Occurrence!I$3-K325)^2 -> 0.64 | ... W325: =(Occurrence!K$3-M325)^2 -> 0.01 | X325: =SUM(N325:W325) -> 1.74 | Z325: =ROUND(D325, 0) -> 0 | AA325: =ROUND(E325, 0) -> 0 | AB325: =ROUND(F325, 0) -> 1 | AC325: =ROUND(G325, 0) -> 1 | AD325: =ROUND(H325, 0) -> 0 | AE325: =ROUND(I325, 0) -> 0 | AF325: =ROUND(J325, 0) -> 0 | AG325: =ROUND(K325, 0) -> 0 | ... AI325: =ROUND(M325, 0) -> 1 | AJ325: =SUMXMY2(Z325:AI325, Occurrence!B$3:K$3) -> 2 | AK325: =10-AJ325 -> 8
... A852: 851 | B852: 4252850 | C852: 646R | D852: 0.4 | E852: 0.6 | F852: 0.1 | G852: 0.23 | H852: 0.5 | I852: 0.01 | J852: 0.9 | K852: 0.1 | L852: 0.75 | M852: 0.4 | N852: =(Occurrence!B$3-D852)^2 -> 0.16 | O852: =(Occurrence!C$3-E852)^2 -> 0.36 | P852: =(Occurrence!D$3-F852)^2 -> 0.81 | Q852: =(Occurrence!E$3-G852)^2 -> 0.5929 | R852: =(Occurrence!F$3-H852)^2 -> 0.25 | S852: =(Occurrence!G$3-I852)^2 -> 0.0001 | T852: =(Occurrence!H$3-J852)^2 -> 0.01 | U852: =(Occurrence!I$3-K852)^2 -> 0.81 | ... W852: =(Occurrence!K$3-M852)^2 -> 0.36 | X852: =SUM(N852:W852) -> 3.9155 | Z852: =ROUND(D852, 0) -> 0 | AA852: =ROUND(E852, 0) -> 1 | AB852: =ROUND(F852, 0) -> 0 | AC852: =ROUND(G852, 0) -> 0 | AD852: =ROUND(H852, 0) -> 1 | AE852: =ROUND(I852, 0) -> 0 | AF852: =ROUND(J852, 0) -> 1 | AG852: =ROUND(K852, 0) -> 0 | ... AI852: =ROUND(M852, 0) -> 0 | AJ852: =SUMXMY2(Z852:AI852, Occurrence!B$3:K$3) -> 7 | AK852: =10-AJ852 -> 3

Sheet Part 3
A1: Event | B1: =Occurrence!B1 -> Event 1 | C1: =Occurrence!C1 -> Event 2 | D1: =Occurrence!D1 -> Event 3 | E1: =Occurrence!E1 -> Event 4 | F1: =Occurrence!F1 -> Event 5 | G1: =Occurrence!G1 -> Event 6 | H1: =Occurrence!H1 -> Event 7 | I1: =Occurrence!I1 -> Event 8 | ... K1: =Occurrence!K1 -> Event 10
A2: Outcome | B2: =Occurrence!B3 -> 0 | C2: =Occurrence!C3 -> 0 | D2: =Occurrence!D3 -> 1 | E2: =Occurrence!E3 -> 1 | F2: =Occurrence!F3 -> 0 | G2: =Occurrence!G3 -> 0 | H2: =Occurrence!H3 -> 1 | I2: =Occurrence!I3 -> 1 | ... K2: =Occurrence!K3 -> 1
A3: Rounded to 0 | B3: =COUNTIF(Responses!Z:Z, 0) -> 740 | C3: =COUNTIF(Responses!AA:AA, 0) -> 676 | D3: =COUNTIF(Responses!AB:AB, 0) -> 417 | E3: =COUNTIF(Responses!AC:AC, 0) -> 282 | F3: =COUNTIF(Responses!AD:AD, 0) -> 432 | G3: =COUNTIF(Responses!AE:AE, 0) -> 464 | H3: =COUNTIF(Responses!AF:AF, 0) -> 383 | I3: =COUNTIF(Responses!AG:AG, 0) -> 293 | J3: =COUNTIF(Responses!AH:AH, 0) -> 456 | K3: =COUNTIF(Responses!AI:AI, 0) -> 308 | L3: =SUM(B3:K3) -> 4451
A4: Rounded to 1 | B4: =COUNTIF(Responses!Z:Z, 1) -> 111 | C4: =COUNTIF(Responses!AA:AA, 1) -> 175 | D4: =COUNTIF(Responses!AB:AB, 1) -> 434 | E4: =COUNTIF(Responses!AC:AC, 1) -> 569 | F4: =COUNTIF(Responses!AD:AD, 1) -> 419 | G4: =COUNTIF(Responses!AE:AE, 1) -> 387 | H4: =COUNTIF(Responses!AF:AF, 1) -> 468 | I4: =COUNTIF(Responses!AG:AG, 1) -> 558 | J4: =COUNTIF(Responses!AH:AH, 1) -> 395 | K4: =COUNTIF(Responses!AI:AI, 1) -> 543 | L4: =SUM(B4:K4) -> 4059
L5: =L3+L4 -> 8510
A6: =(D3+E3+H3+I3+K3)/L5 -> 0.19776733
A7: =(D4+E4+H4+I4+K4)/L4 -> 0.63365361
G10: >=0
E11: =COUNTIF(Responses!X:X, 'Part 3'!F11) -> 321 | F11: <=2.2 | G11: =COUNTIF(Responses!X:X, G10) -> 851
F12: =E11/G11 -> 0.37720329
A14: 611R | B14: 0.99 | C14: 0.5 | D14: 0.85 | E14: =SUM(B14:D14) -> 2.34
A15: 611R | B15: 0.02 | C15: 0.25 | D15: 0.85 | E15: =SUM(B15:D15) -> 1.12
A16: 611R | B16: 0.15 | C16: 0.1 | D16: 0.95 | E16: =SUM(B16:D16) -> 1.2
A17: 611R | B17: 0.03 | C17: 0.02 | D17: 0.2 | E17: =SUM(B17:D17) -> 0.25
A18: 611R | B18: 0.05 | C18: 0.64 | D18: 0.87 | E18: =SUM(B18:D18) -> 1.56
A19: 611R | B19: 0.003 | C19: 0.002 | D19: 0 | E19: =SUM(B19:D19) -> 0.005
A20: 611R | B20: 0.2 | C20: 0.3 | D20: 0.7 | E20: =SUM(B20:D20) -> 1.2
A21: 611R | B21: 0.2 | C21: 0.3 | D21: 0.9 | E21: =SUM(B21:D21) -> 1.4
A22: 611R | B22: 0.1 | C22: 0.35 | D22: 0.05 | E22: =SUM(B22:D22) -> 0.5
A23: 611R | B23: 0.2 | C23: 0.4 | D23: 0 | E23: =SUM(B23:D23) -> 0.6
A24: 611R | B24: 0.4 | C24: 0.3 | D24: 0.89 | E24: =SUM(B24:D24) -> 1.59
A25: 611R | B25: 0.3 | C25: 0.6 | D25: 0.8 | E25: =SUM(B25:D25) -> 1.7
... A44: 611R | B44: 0.7857 | C44: 0.3996 | D44: 0.1998 | E44: =SUM(B44:D44) -> 1.3851

Sheet Part 2
A1: Event 3 | B1: Event 4 | C1: Differenece | E1: probability for Event 4 that were greater than or equal to their probability for Event 3
A2: 0.5 | B2: 0.6 | C2: =B2-A2 -> 0.1 | E2: =COUNTIF(C:C, F2) -> 702 | F2: >=0
A3: 1 | B3: 0.4 | C3: =B3-A3 -> -0.6
A4: 0.75 | B4: 0.95 | C4: =B4-A4 -> 0.2
A5: 0.7 | B5: 0.8 | C5: =B5-A5 -> 0.1
A6: 0.05 | B6: 0.6 | C6: =B6-A6 -> 0.55
A7: 0.488 | B7: 0.544 | C7: =B7-A7 -> 0.056
A8: 0.25 | B8: 0.8 | C8: =B8-A8 -> 0.55
A9: 0.5 | B9: 0.3 | C9: =B9-A9 -> -0.2
A10: 0.99 | B10: 0.99 | C10: =B10-A10 -> 0
A11: 0.99 | B11: 0.95 | C11: =B11-A11 -> -0.04
A12: 0.05 | B12: 0.1 | C12: =B12-A12 -> 0.05
A13: 0.03 | B13: 0.04 | C13: =B13-A13 -> 0.01
A14: 0.45 | B14: 0.35 | C14: =B14-A14 -> -0.1
... A852: 0.1 | B852: 0.23 | C852: =B852-A852 -> 0.13

Sheet Occurrence
A1: Event ID | B1: Event 1 | C1: Event 2 | D1: Event 3 | E1: Event 4 | F1: Event 5 | G1: Event 6 | H1: Event 7 | I1: Event 8 | J1: Event 9 | K1: Event 10
A2: Description | B2: AMZN stock closed 5%, or more, lower on the settlement date compared to the first trading day of the current calendar year. | C2: AMZN stock closed 1%, or more, lower on the settlement date compared to the first trading day of the current calendar year. | D2: AMZN stock closed 5%, or more, higher on the settlement date compared to the first trading day of the current calendar year. | E2: AMZN stock closed 1%, or more, higher on the settlement date compared to the first trading day of the current calendar year. | F2: AMZN stock closed more than 5% lower and less than 5% higher on the settlement date compared to the first trading day of the current calendar year. | G2: What is the probability of snow in Boulder on the settlement date (as recorded by the National Weather Service www.weather.gov)? | H2: Allstate Corp (stock ticker ALL) is part of the S&P 500 on the settlement date. | I2: On the settlement date the value of gold is $1150 or more per ounce according to Finance.yahoo.com, "last price". | J2: On the settlement date, you can get 0.90 or more EUR for 1 USD, according the Currency Converter at www.oanda.com. | K2: What is the probability that light sweet crude oil(CLH18.NYM) will be trading at more than $47 per barrel on the settlement date (finance.yahoo.com)?
A3: Occurred? Yes=1, No=0 | B3: 0 | C3: 0 | D3: 1 | E3: 1 | F3: 0 | G3: 0 | H3: 1 | I3: 1 | J3: 0 | K3: 1
A5: Actual | B5: =B3 -> 0 | C5: =C3 -> 0 | D5: =D3 -> 1 | E5: =E3 -> 1 | F5: =F3 -> 0 | G5: =G3 -> 0 | H5: =H3 -> 1 | I5: =I3 -> 1 | ... K5: =K3 -> 1
A6: Theoretical | B6: 0.5 | C6: 0.5 | D6: 0.5 | E6: 0.5 | F6: 0.5 | G6: 0.5 | H6: 0.5 | I6: 0.5 | J6: 0.5 | K6: 0.5
A7: Totasl Squared difference | B7: =SUMXMY2(B5:K5, B6:K6) -> 2.5
