Workbook

Sheet HTC 1
A1: Total Income | B1: ='Actual Tax'!B1 -> 47500
A3: Personal Exemption | B3: ='Actual Tax'!B3 -> 0
A4: Standard Deduction | B4: ='Actual Tax'!B4 -> 12400
A6: Taxable Income | B6: =MAX(B1-B3-B4,0) -> 35100
A8: Tax Brackets (for Taxable Income)
A9: Lower | B9: Upper | C9: Rate | D9: $ in bracket | E9: Tax Per Bracket | F9: Total Tax | G9: Tax % of total income
A10: 0 | B10: No limit | C10: 0.25 | D10: =B6 -> 35100 | E10: =D10*C10 -> 8775 | F10: =E10 -> 8775 | G10: =F10/B1 -> 0.18473684
A12: Total Income | B12: Tax Owed | C12: Percent of total income
B13: =F10 -> 8775 | C13: =G10 -> 0.18473684
A14: 0 | B14: 0 | C14: #DIV/0!
A15: 100 | B15: 0 | C15: 0
A16: 200 | B16: 0 | C16: 0
A17: 300 | B17: 0 | C17: 0
A18: 400 | B18: 0 | C18: 0
A19: 500 | B19: 0 | C19: 0
A20: 600 | B20: 0 | C20: 0
A21: 700 | B21: 0 | C21: 0
A22: 800 | B22: 0 | C22: 0
A23: 900 | B23: 0 | C23: 0
A24: 1000 | B24: 0 | C24: 0
A25: 1100 | B25: 0 | C25: 0
A26: 1200 | B26: 0 | C26: 0
... A814: 80000 | B814: 16900 | C814: 0.21125

Sheet HTC 2
A1: Total Income | B1: =47500 -> 47500
A3: Personal Exemption | B3: ='Actual Tax'!B3 -> 0
A4: Standard Deduction | B4: ='Actual Tax'!B4 -> 12400
A6: Taxable Income | B6: =B1-B3-B4 -> 35100
A8: Tax Brackets (for Taxable Income)
A9: Lower | B9: Upper | C9: Rate | D9: Money in Bracket | E9: Tax per bracket
A10: 0 | B10: 25000 | C10: 0.18 | D10: =B10 -> 25000 | E10: =C10*D10 -> 4500
A11: =B10 -> 25000 | B11: No limit | C11: 0.27 | D11: =B6-B10 -> 10100 | E11: =C11*D11 -> 2727
A15: Hypothetical Tax Code 2
A16: Total Income | B16: Taxes Owed | C16: Percent of Total Income Paid in Taxes
A17: 5000 | B17: 0 | C17: 0
A18: =10000+A17 -> 15000 | B18: =(A18-B$4)*C$10 -> 468 | C18: =B18/A18 -> 0.0312
A19: =10000+A18 -> 25000 | B19: =(A19-B$4)*C$10 -> 2268 | C19: =B19/A19 -> 0.09072
A20: =10000+A19 -> 35000 | B20: =(A20-B$4)*C$10 -> 4068 | C20: =B20/A20 -> 0.11622857
A21: =10000+A20 -> 45000 | B21: =(B$10*C$10)+(A21-B$4-B$10)*C$11 -> 6552 | C21: =B21/A21 -> 0.1456
A23: 21000 | B23: =(A23-B$4)*C$10 -> 1548
A24: 32000 | B24: =(A24-B$4)*C$10 -> 3528
A25: 48721 | B25: =(B$10*C$10)+(A25-B$4-B$10)*C$11 -> 7556.67
A26: 82823 | B26: =(B$10*C$10)+(A26-B$4-B$10)*C$11 -> 16764.21
B27: =B26-'HTC 3'!B26 -> 4771.15
A28: 171479 | B28: =(B$10*C$10)+(A28-B$4-B$10)*C$11 -> 40701.33

Sheet HTC 3
A1: Total Income | B1: ='Actual Tax'!B1 -> 47500
A3: Personal Exemption | B3: ='Actual Tax'!B3 -> 0
A4: Standard Deduction | B4: ='Actual Tax'!B4 -> 12400
A6: Taxable Income | B6: =B1-B3-B4 -> 35100
A8: Tax Brackets (for Taxable Income)
A9: Lower | B9: Upper | C9: Rate | D9: Money in Bracket | E9: Tax per bracket
A10: 0 | B10: 25000 | C10: 0.08 | D10: =B10 -> 25000 | E10: =C10*D10 -> 2000
A11: =B10 -> 25000 | B11: No limit | C11: 0.22 | D11: =B6-B10 -> 10100 | E11: =C11*D11 -> 2222
A15: Hypothetical Tax Code 2
A16: Total Income | B16: Taxes Owed | C16: Percent of Total Income Paid in Taxes
A17: 5000 | B17: 0 | C17: 0
A18: =10000+A17 -> 15000 | B18: =(A18-B$4)*C$10 -> 208 | C18: =B18/A18 -> 0.013866667
A19: =10000+A18 -> 25000 | B19: =(A19-B$4)*C$10 -> 1008 | C19: =B19/A19 -> 0.04032
A20: =10000+A19 -> 35000 | B20: =(A20-B$4)*C$10 -> 1808 | C20: =B20/A20 -> 0.051657143
A21: =10000+A20 -> 45000 | B21: =(B$10*C$10)+(A21-B$4-B$10)*C$11 -> 3672 | C21: =B21/A21 -> 0.0816
A23: 21000 | B23: =(A23-B$4)*C$10 -> 688
A24: 32000 | B24: =(A24-B$4)*C$10 -> 1568
A26: 82823 | B26: =(B$10*C$10)+(A26-B$4-B$10)*C$11 -> 11993.06
B27: =3528-B24 -> 1960

Sheet Actual Tax
A1: Total Income | B1: 47500
A3: Personal Exemption | B3: 0
A4: Standard Deduction | B4: 12400
A6: Taxable Income | B6: 35100
A8: Tax Brackets (for Taxable Income)
A9: Lower | B9: Upper | C9: Rate
A10: 0 | B10: 9875 | C10: 0.1
A11: =B10 -> 9875 | B11: 40125 | C11: 0.12
A12: =B11 -> 40125 | B12: 85525 | C12: 0.22
A13: =B12 -> 85525 | B13: 163300 | C13: 0.24
A14: =B13 -> 163300 | B14: 207350 | C14: 0.32
A15: =B14 -> 207350 | B15: 518400 | C15: 0.35
A16: =B15 -> 518400 | B16: No limit | C16: 0.37
A18: Total Income | B18: Tax Owed | C18: Percent of Total Income Paid in Taxes
A19: 5000 | B19: 0 | C19: 0 | E19: =987.5+3630+4372.5 -> 8990
A20: 20000 | B20: =(A20-B$4)*C10 -> 760 | C20: =B20/A20 -> 0.038
A21: 45000 | B21: =(B$10*C$10)+(A21-B$4-B$10)*C$11 -> 3714.5 | C21: =B21/A21 -> 0.082544444
A22: 60000 | B22: =(B$10*C$10)+((B$11-A$11)*C$11)+((A22-B$4-A$12)*C$12) -> 6262 | C22: =B22/A22 -> 0.10436667
A23: 75000 | B23: =(B$10*C$10)+((B$11-A$11)*C$11)+((A23-B$4-A$12)*C$12) -> 9562 | C23: =B23/A23 -> 0.12749333
A24: 95000 | B24: =(B$10*C$10)+((B$11-A$11)*C$11)+((A24-B$4-A$12)*C$12) -> 13962 | C24: =B24/A24 -> 0.14696842
A25: 115000 | B25: =(B$10*C$10)+((B$11-A$11)*C$11)+((B$12-A$12)*C$12)+((A25-B$4-A$13)*C$13) -> 18703.5 | C25: =B25/A25 -> 0.16263913
C27: 0.1
A28: 47500 | B28: =(B$10*C$10)+(A28-B$4-B$10)*C$11 -> 4014.5 | C28: =B28/A28 -> 0.084515789
A30: 182032 | B30: =(B$10*C$10)+((B$11-A$11)*C$11)+((B$12-A$12)*C$12)+((B$13-A$13)*C$13)+(A30-A$14-B$4)*C$14 -> 35297.74
A31: 199695 | B31: =(B$10*C$10)+((B$11-A$11)*C$11)+((B$12-A$12)*C$12)+((B$13-A$13)*C$13)+(A31-A$14-B$4)*C$14 -> 40949.9 | C31: =B31/A31 -> 0.20506222

Sheet Work
A1: x | B1: y
A2: -2 | B2: 4
A3: 3 | B3: 7
A5: Slope | B5: Intercept
A6: =SLOPE(B2:B3,A2:A3) -> 0.6 | B6: =INTERCEPT(B2:B3, A2:A3) -> 5.2
A8: Slope and intercept with lines | D8: Equation
A9: {=LINEST(B2:B3, A2:A3)} -> 0.6 | B9: 5.2 | D9: =CONCATENATE("y=",A9, "x+", B9) -> y=0.6x+5.2
B15: =0.38*(1734.81-800) -> 355.2278
